Amino_Acids_w_positions	Hydropathy_values
M1	0.64
R2	-2.5
A3	0.62
A4	0.62
G5	0.48
A6	0.62
P7	0.12
L8	1.1
V9	1.1
R10	-2.5
T11	-0.05
S12	-0.18
R13	-2.5
L14	1.1
L15	1.1
V16	1.1
L17	1.1
L18	1.1
L19	1.1
I20	1.4
K21	-1.5
V22	1.1
S23	-0.18
A24	0.62
S25	-0.18
P26	0.12
A27	0.62
L28	1.1
G29	0.48
Y30	0.26
A31	0.62
L32	1.1
A33	0.62
P34	0.12
R35	-2.5
K36	-1.5
E37	-0.74
N38	-0.78
C39	0.29
L40	1.1
G41	0.48
E42	-0.74
S43	-0.18
C44	0.29
S45	-0.18
P46	0.12
T47	-0.05
L48	1.1
I49	1.4
Q50	-0.85
R51	-2.5
R52	-2.5
S53	-0.18
R54	-2.5
D55	-0.9
A56	0.62
W57	0.81
G58	0.48
P59	0.12
G60	0.48
D61	-0.9
S62	-0.18
A63	0.62
G64	0.48
D65	-0.9
L66	1.1
L67	1.1
P68	0.12
T69	-0.05
R70	-2.5
A71	0.62
P72	0.12
R73	-2.5
E74	-0.74
E75	-0.74
E76	-0.74
Q77	-0.85
E78	-0.74
A79	0.62
V80	1.1
V81	1.1
R82	-2.5
S83	-0.18
A84	0.62
P85	0.12
P86	0.12
W87	0.81
D88	-0.9
L89	1.1
P90	0.12
A91	0.62
G92	0.48
P93	0.12
G94	0.48
G95	0.48
D96	-0.9
P97	0.12
G98	0.48
V99	1.1
G100	0.48
R101	-2.5
G102	0.48
A103	0.62
E104	-0.74
A105	0.62
S106	-0.18
A107	0.62
A108	0.62
E109	-0.74
P110	0.12
S111	-0.18
G112	0.48
P113	0.12
P114	0.12
A115	0.62
R116	-2.5
P117	0.12
P118	0.12
G119	0.48
A120	0.62
W121	0.81
R122	-2.5
W123	0.81
K124	-1.5
G125	0.48
A126	0.62
R127	-2.5
G128	0.48
Q129	-0.85
E130	-0.74
P131	0.12
P132	0.12
E133	-0.74
T134	-0.05
L135	1.1
G136	0.48
R137	-2.5
G138	0.48
N139	-0.78
P140	0.12
T141	-0.05
A142	0.62
L143	1.1
Q144	-0.85
F145	1.2
F146	1.2
L147	1.1
H148	-0.4
T149	-0.05
S150	-0.18
E151	-0.74
E152	-0.74
K153	-1.5
E154	-0.74
K155	-1.5
G156	0.48
P157	0.12
K158	-1.5
G159	0.48
A160	0.62
G161	0.48
L162	1.1
S163	-0.18
G164	0.48
R165	-2.5
S166	-0.18
Q167	-0.85
E168	-0.74
Q169	-0.85
S170	-0.18
A171	0.62
R172	-2.5
K173	-1.5
E174	-0.74
P175	0.12
G176	0.48
V177	1.1
S178	-0.18
D179	-0.9
L180	1.1
Y181	0.26
Y182	0.26
W183	0.81
P184	0.12
R185	-2.5
R186	-2.5
A187	0.62
G188	0.48
K189	-1.5
L190	1.1
Q191	-0.85
G192	0.48
S193	-0.18
H194	-0.4
H195	-0.4
D196	-0.9
P197	0.12
Q198	-0.85
P199	0.12
K200	-1.5
T201	-0.05
V202	1.1
H203	-0.4
G204	0.48
P205	0.12
S206	-0.18
G207	0.48
Y208	0.26
E209	-0.74
G210	0.48
R211	-2.5
T212	-0.05
I213	1.4
A214	0.62
P215	0.12
P216	0.12
G217	0.48
R218	-2.5
A219	0.62
L220	1.1
A221	0.62
Q222	-0.85
N223	-0.78
G224	0.48
S225	-0.18
S226	-0.18
L227	1.1
E228	-0.74
G229	0.48
V230	1.1
H231	-0.4
E232	-0.74
R233	-2.5
G234	0.48
G235	0.48
P236	0.12
R237	-2.5
R238	-2.5
G239	0.48
N240	-0.78
S241	-0.18
T242	-0.05
H243	-0.4
P244	0.12
H245	-0.4
L246	1.1
R247	-2.5
L248	1.1
K249	-1.5
N250	-0.78
P251	0.12
F252	1.2
Y253	0.26
P254	0.12
L255	1.1
T256	-0.05
Q257	-0.85
E258	-0.74
S259	-0.18
Y260	0.26
G261	0.48
A262	0.62
Y263	0.26
A264	0.62
V265	1.1
M266	0.64
C267	0.29
L268	1.1
S269	-0.18
V270	1.1
V271	1.1
I272	1.4
F273	1.2
G274	0.48
T275	-0.05
G276	0.48
I277	1.4
I278	1.4
G279	0.48
N280	-0.78
L281	1.1
A282	0.62
V283	1.1
M284	0.64
C285	0.29
I286	1.4
V287	1.1
C288	0.29
H289	-0.4
N290	-0.78
Y291	0.26
Y292	0.26
M293	0.64
R294	-2.5
S295	-0.18
I296	1.4
S297	-0.18
N298	-0.78
S299	-0.18
L300	1.1
L301	1.1
A302	0.62
N303	-0.78
L304	1.1
A305	0.62
F306	1.2
W307	0.81
D308	-0.9
F309	1.2
L310	1.1
I311	1.4
I312	1.4
F313	1.2
F314	1.2
C315	0.29
L316	1.1
P317	0.12
L318	1.1
V319	1.1
I320	1.4
F321	1.2
H322	-0.4
E323	-0.74
L324	1.1
T325	-0.05
K326	-1.5
K327	-1.5
W328	0.81
L329	1.1
L330	1.1
E331	-0.74
D332	-0.9
F333	1.2
S334	-0.18
C335	0.29
K336	-1.5
I337	1.4
V338	1.1
P339	0.12
Y340	0.26
I341	1.4
E342	-0.74
V343	1.1
A344	0.62
S345	-0.18
L346	1.1
G347	0.48
V348	1.1
T349	-0.05
T350	-0.05
F351	1.2
T352	-0.05
L353	1.1
C354	0.29
A355	0.62
L356	1.1
C357	0.29
I358	1.4
D359	-0.9
R360	-2.5
F361	1.2
R362	-2.5
A363	0.62
A364	0.62
T365	-0.05
N366	-0.78
V367	1.1
Q368	-0.85
M369	0.64
Y370	0.26
Y371	0.26
E372	-0.74
M373	0.64
I374	1.4
E375	-0.74
N376	-0.78
C377	0.29
S378	-0.18
S379	-0.18
T380	-0.05
T381	-0.05
A382	0.62
K383	-1.5
L384	1.1
A385	0.62
V386	1.1
I387	1.4
W388	0.81
V389	1.1
G390	0.48
A391	0.62
L392	1.1
L393	1.1
L394	1.1
A395	0.62
L396	1.1
P397	0.12
E398	-0.74
V399	1.1
V400	1.1
L401	1.1
R402	-2.5
Q403	-0.85
L404	1.1
S405	-0.18
K406	-1.5
E407	-0.74
D408	-0.9
L409	1.1
G410	0.48
L411	1.1
S412	-0.18
G413	0.48
R414	-2.5
A415	0.62
P416	0.12
A417	0.62
E418	-0.74
R419	-2.5
C420	0.29
V421	1.1
I422	1.4
K423	-1.5
I424	1.4
S425	-0.18
P426	0.12
D427	-0.9
L428	1.1
P429	0.12
D430	-0.9
T431	-0.05
I432	1.4
Y433	0.26
V434	1.1
L435	1.1
A436	0.62
L437	1.1
T438	-0.05
Y439	0.26
D440	-0.9
S441	-0.18
A442	0.62
R443	-2.5
L444	1.1
W445	0.81
W446	0.81
Y447	0.26
F448	1.2
G449	0.48
C450	0.29
Y451	0.26
F452	1.2
C453	0.29
L454	1.1
P455	0.12
T456	-0.05
L457	1.1
F458	1.2
T459	-0.05
I460	1.4
T461	-0.05
C462	0.29
S463	-0.18
L464	1.1
V465	1.1
T466	-0.05
A467	0.62
R468	-2.5
K469	-1.5
I470	1.4
R471	-2.5
K472	-1.5
A473	0.62
E474	-0.74
K475	-1.5
A476	0.62
C477	0.29
T478	-0.05
R479	-2.5
G480	0.48
N481	-0.78
K482	-1.5
R483	-2.5
Q484	-0.85
I485	1.4
Q486	-0.85
L487	1.1
E488	-0.74
S489	-0.18
Q490	-0.85
M491	0.64
N492	-0.78
C493	0.29
T494	-0.05
V495	1.1
V496	1.1
A497	0.62
L498	1.1
T499	-0.05
I500	1.4
L501	1.1
Y502	0.26
G503	0.48
F504	1.2
C505	0.29
I506	1.4
I507	1.4
P508	0.12
E509	-0.74
N510	-0.78
I511	1.4
C512	0.29
N513	-0.78
I514	1.4
V515	1.1
T516	-0.05
A517	0.62
Y518	0.26
M519	0.64
A520	0.62
T521	-0.05
G522	0.48
V523	1.1
S524	-0.18
Q525	-0.85
Q526	-0.85
T527	-0.05
M528	0.64
D529	-0.9
L530	1.1
L531	1.1
N532	-0.78
I533	1.4
I534	1.4
S535	-0.18
Q536	-0.85
F537	1.2
L538	1.1
L539	1.1
F540	1.2
F541	1.2
K542	-1.5
S543	-0.18
C544	0.29
V545	1.1
T546	-0.05
P547	0.12
V548	1.1
L549	1.1
L550	1.1
F551	1.2
C552	0.29
L553	1.1
C554	0.29
K555	-1.5
P556	0.12
F557	1.2
S558	-0.18
R559	-2.5
A560	0.62
F561	1.2
M562	0.64
D563	-0.9
C564	0.29
C565	0.29
C566	0.29
C567	0.29
C568	0.29
C569	0.29
D570	-0.9
E571	-0.74
C572	0.29
I573	1.4
Q574	-0.85
K575	-1.5
S576	-0.18
S577	-0.18
T578	-0.05
V579	1.1
T580	-0.05
S581	-0.18
D582	-0.9
D583	-0.9
N584	-0.78
D585	-0.9
N586	-0.78
E587	-0.74
Y588	0.26
T589	-0.05
T590	-0.05
E591	-0.74
L592	1.1
E593	-0.74
L594	1.1
S595	-0.18
P596	0.12
F597	1.2
S598	-0.18
T599	-0.05
I600	1.4
R601	-2.5
R602	-2.5
E603	-0.74
M604	0.64
S605	-0.18
T606	-0.05
F607	1.2
A608	0.62
S609	-0.18
V610	1.1
G611	0.48
T612	-0.05
H613	-0.4
C614	0.29
