Amino_acids	phi_values	psi_values
SER14	None	2.206178976069322
ASP15	-1.0138665353760756	1.9592701639919754
CYS16	-1.604902711120032	1.4439049317508252
ASP17	-1.3092906649735145	1.8820726778993084
LEU18	-1.4831908125531765	0.02586345916802162
TYR19	-2.1071543506795485	0.3719205892140826
ALA20	-1.023922530849522	-0.3339200816032713
HIS21	-1.560865151428311	0.3267008412483763
HIS22	-1.0743367348256019	-0.6903246415845272
ASP23	-1.0116614122769105	-0.8132421419647802
THR24	-1.14807537679837	-0.7848659365203843
ALA25	-1.0998174570742978	-0.655382650322315
ARG26	-1.0663058605628064	-0.42380546635377025
ILE27	-1.7000947753459035	-0.9643118437345038
LEU28	-1.1642404392778793	-0.7401801021926566
MET29	-1.1883231641865153	-0.7828073884037318
PRO30	-1.0451723515901998	-0.7263008778652452
LEU31	-1.0725660467520277	-0.806345352438236
HIS32	-1.0759431531781283	-0.8563677312311943
TYR33	-1.1524986801966424	-0.5752923705302655
SER34	-1.0866497025028479	-0.7477108218744107
ILE35	-1.0961894592799966	-0.7823313473754867
VAL36	-1.0482038788461945	-0.7387841689819704
PHE37	-1.0508882882273196	-0.8746982915219299
ILE38	-1.1364218922234928	-0.8703703675980187
ILE39	-1.1905299531722908	-0.7801465892241887
GLY40	-1.1680815172712369	-0.7787201076378649
LEU41	-1.1881239145124303	-0.8489401773535846
LEU42	-1.1291004980508406	-0.7462151814554584
GLY43	-1.1920003874098812	-0.7551731195375045
ASN44	-1.306321221082752	-0.6033392253409858
LEU45	-1.0843284134474942	-0.7590781987787837
LEU46	-1.058484077002831	-0.7350283886197366
ALA47	-1.0479261255592083	-0.7704126285097466
LEU48	-1.0768273253855325	-0.7698648122871318
ILE49	-1.0611568455037967	-0.7831283409309399
VAL50	-1.090823028949244	-0.7335461380868186
ILE51	-1.1047611134223352	-0.7594097990097354
ILE52	-1.096212541799022	-0.6501448222839056
GLN53	-1.301286590752584	-0.2546321858189032
ASN54	-1.9755636650649027	0.4292133596770908
ARG55	-1.0713823098774273	-0.3668154835793086
LYS56	-1.2069939825248213	-0.17887974906768697
LYS57	-2.125787079932357	0.5017778121921477
ILE58	-1.0082478836539153	2.3892514194753844
ASN59	-2.4965205321449027	-3.136964974251503
SER60	-0.9693509690790636	-0.800268831183435
THR61	-1.0197745385828008	-0.8491660055424722
THR62	-1.1088934874810792	-0.7104466182667281
LEU63	-1.1197388020679917	-0.7687245748784709
TYR64	-1.0930099298870644	-0.7572375830730408
SER65	-1.0458274130843044	-0.7316242145997831
THR66	-1.0500668875588373	-0.7812664824614682
ASN67	-1.1479498591229969	-0.6754731606447655
LEU68	-1.0495965361172166	-0.8633998169915128
VAL69	-0.9717566356784204	-0.7805373210153923
ILE70	-1.0712021744070097	-0.7533029280062689
SER71	-1.0647915468571838	-0.796429801233423
ASP72	-1.1138034873850262	-0.7614202374774971
ILE73	-1.0725616934582884	-0.7257267446541404
LEU74	-1.112534970362132	-0.6684173166706168
PHE75	-1.062121909167915	-0.7781872834928742
THR76	-1.1022082564971363	-0.5478844809799606
THR77	-1.1757520169759392	-0.4265704712648877
ALA78	-1.6936008293048592	-0.10936523126530596
LEU79	-1.0468801838950266	-0.7377921882198436
PRO80	-0.9811414105003716	-0.6093009751413823
THR81	-1.1440461478548056	-0.7264475194911665
ARG82	-1.2010845553843037	-0.6744663052058788
ILE83	-1.031517465373626	-0.828207221599599
ALA84	-1.0928235840948428	-0.765875906649044
TYR85	-0.9980553559960847	-0.8381086044499498
TYR86	-1.1761802876694496	-0.7273138862596964
ALA87	-1.0911449912574156	-0.4933620715528683
LEU88	-1.5597644706729357	0.07666750336552511
GLY89	1.3705625709668985	0.7362256981833488
PHE90	1.333277418840437	0.48915314305380275
ASP91	-1.9534946310981478	1.9392698388100724
TRP92	-1.7716695410265773	1.7760604333793197
ARG93	-1.7132051688704792	0.08846933737763076
ILE94	-1.935099171843798	0.3030462418340979
GLY95	1.451012272187501	2.7512308980346387
GLU96	-1.0559352079044506	-0.6532223485131353
ALA97	-1.0396411741240519	-0.7992029718648235
LEU98	-1.1653192752655928	-0.5908740120197521
CYS99	-1.0581103054159307	-0.8026614319612438
ARG100	-1.1315214309757202	-0.7017243873314433
ILE101	-1.1045581461467773	-0.808734193009448
THR102	-1.105637039843717	-0.6915417441017478
ALA103	-1.0753326190524601	-0.7580832768118514
LEU104	-1.0017016291503609	-0.8377095775713644
VAL105	-1.0397094762723875	-0.7905589805034996
PHE106	-1.1200124321016975	-0.8657180175394203
TYR107	-1.1976296858392794	-0.7145252590287897
ILE108	-1.0950186197410081	-0.6546242921354768
ASN109	-1.0719630400303082	-0.8468757767500739
THR110	-0.9826522785088075	-0.8660262920281065
TYR111	-1.3613514710065215	-0.5737393467724649
ALA112	-1.1040425275795418	-0.7526437292808044
GLY113	-0.8474848503287495	-0.9991196560673314
VAL114	-1.011828676033271	-0.8742345808031012
ASN115	-1.1546185989981816	-0.7554848970364249
PHE116	-1.1610427305890931	-0.6431947650159721
MET117	-1.039110554586817	-0.7403342337109824
THR118	-1.0607264842816804	-0.7737818257954715
CYS119	-1.0722083592417702	-0.7305309789054558
LEU120	-1.0564532366556971	-0.7813091304561052
SER121	-1.0894071841760016	-0.7286042905338352
ILE122	-1.1004877238295956	-0.7681761554754919
ASP123	-1.0403213761656702	-0.7903553595847154
ARG124	-1.1017648332220449	-0.6747435574317108
PHE125	-1.003898213231537	-0.8806051133588967
PHE126	-1.1104681817426538	-0.7148916465573625
ALA127	-1.0381353745486033	-0.6868187608878961
VAL128	-1.5893606557073279	-0.827017727234269
VAL129	-1.3986268073833383	-0.6573019748398242
HIS130	-2.304601896977727	1.0339897555613853
PRO131	-1.0334151547982695	-0.6309800156470752
LEU132	-1.1355261966698265	-0.7326071319706166
ARG133	-1.1974854067434588	-0.6881646984915347
TYR134	-1.0046743610278954	-0.8115878102859874
ASN135	-1.0150025781006764	-0.5754713138826263
LYS136	-1.300454523760682	-0.722280563911805
ILE137	-1.5095620075345604	-0.3329481176928674
LYS138	-1.34466322449094	0.5052174248454027
ARG139	-1.0972992332790716	2.368255010560856
ILE140	-1.0545666684559198	-0.5457729125955286
GLU141	-1.013080390799495	-0.7924459885400595
HIS142	-1.0971584117772757	-0.7526484245195111
ALA143	-1.0769450908106846	-0.7178780437245601
LYS144	-1.058702826145724	-0.7852592552480526
CYS145	-1.0926614005264013	-0.7316652902011791
ILE146	-1.0517745732087087	-0.7677097995906861
CYS147	-1.0782217321764644	-0.7551560729523639
ILE148	-1.0654133044794616	-0.7842857506971417
CYS149	-1.0767869067392173	-0.7239329005505659
VAL150	-1.0526857054534466	-0.7992191647756623
TRP151	-1.0918865677861447	-0.7679385100054592
ILE152	-1.0231594328775913	-0.787827159297851
LEU153	-1.0727584707673057	-0.8120975060728091
VAL154	-1.1030800086542645	-0.808665478994821
PHE155	-1.114275362778932	-0.7759219842354338
ALA156	-1.0683160112782595	-0.6847139591180494
GLN157	-1.1856014309962015	-0.7263434947049644
THR158	-1.3858174004178077	-0.709252840885187
LEU159	-1.0026113135408468	-0.7100752596572316
PRO160	-1.0483468049523983	-0.5573766846146639
LEU161	-1.1594863174396288	-0.468994041885646
LEU162	-1.7037628357052004	0.10124341832868448
ILE163	-1.0966010735722977	-0.7244119100673726
LYS164	-1.4195837100457398	2.749387859629242
PRO165	-0.8861959268187893	2.302452854849426
MET166	-1.7606428147690356	-0.07553014354197704
SER167	-1.867625891508948	2.6854434296269916
LYS168	-2.5080634713262246	2.3508574631829258
GLN169	-1.394434959061907	2.167060608537373
GLU170	-1.9354597017671886	3.1111750836592575
ALA171	-1.0015241990709873	-0.6818745131979814
LYS172	-2.2100686176994144	0.165136230626001
ARG173	-2.770127602376755	2.7287056663892897
THR174	-1.851182322782012	1.909600338212585
THR175	-1.4228769204460083	2.7592981119913738
CYS176	-2.560487423818247	2.190424475637083
MET177	1.1531160593879217	0.33969138436203183
GLU178	-1.5667239908951944	2.542350679833894
TYR179	-0.8841947434067319	-0.7450939720312035
PRO180	-1.0769553683215118	-0.23499210696403502
ASN181	-1.2477357412456638	-0.6106753105617164
PHE182	-2.1739361688007537	0.21089339897832532
GLU183	-1.01109938719721	-0.6529284436025343
GLU184	-1.2600097293457069	-0.18133541165424347
THR185	-1.1126588562048172	1.926693881220989
GLN186	-1.0222663123215674	-0.6252902346096584
SER187	-1.4671942929404218	-0.10272959110894603
LEU188	-0.9531597231185205	-0.7807329857297767
PRO189	-1.0401789033340776	-0.7534981311502958
TRP190	-1.1399135750053815	-0.7421355369783602
ILE191	-1.1095140821704998	-0.835199040557945
LEU192	-1.1645046852789576	-0.7281241861744049
LEU193	-1.084585435477179	-0.7328020853032977
GLY194	-1.089289422503807	-0.7346759339154213
ALA195	-1.0896555102297698	-0.7642792626177517
CYS196	-1.1184679944348201	-0.6817060425014958
PHE197	-1.1288270037013273	-0.9225206052003208
ILE198	-1.235969922016077	-0.7776969232018973
GLY199	-1.6029129191148446	0.061163644037039715
TYR200	-2.6184027014965188	-1.055128979340383
VAL201	-1.0569826388119195	-0.821905892078988
LEU202	-1.098103971754276	-0.8417778315431308
PRO203	-0.848162190033929	-0.839489042419437
LEU204	-1.0489969963018724	-0.8021351502954057
LEU205	-1.0784852990975633	-0.7489265670941017
ILE206	-1.0597120638558908	-0.8085468312083703
ILE207	-1.081025776145288	-0.7621825104322456
LEU208	-1.0893422188737083	-0.7640706608917198
ILE209	-1.0572213529693961	-0.7719858859533508
CYS210	-1.0566650166853657	-0.8026820561323786
TYR211	-1.0708783828347448	-0.8261383231628696
SER212	-1.062590391986324	-0.7621243474121546
GLN213	-1.1408262357953116	-0.7158586730188623
ILE214	-1.0948943137377873	-0.787779427164683
CYS215	-1.0525843543018707	-0.8145372832015696
CYS216	-1.0491220085544166	-0.7098676617972057
LYS217	-1.1150164857538907	-0.7987929216762822
LEU218	-1.1053878891081972	-0.7610195427962053
PHE219	-1.0766561624326616	-0.7448634536228197
LYS220	-1.100053896022196	-0.790293158670298
THR221	-1.1123249473248673	-0.7276699494568223
ALA222	-1.0807427636942395	-0.7366509861611125
LYS223	-1.1183361477228468	-0.7214818232825532
GLN224	-1.2652443503464328	-0.682668245635845
ASN225	-2.3878466887557654	1.657105527395909
PRO226	-1.0763676631661505	-0.4608943756814395
LEU227	-1.2297431461488841	-0.383801720886825
THR228	-1.3502226718486925	-0.23807589157001854
GLU229	-1.1108591845742395	-0.4226657368625892
LYS230	-1.1035284943582178	-0.3489089914889272
SER231	-1.3144976238142718	1.6312725564272628
GLY232	-1.1372510654904666	-0.13357908495417137
VAL233	-0.9733329034797972	-0.7815577875448304
ASN234	-1.1435618523795184	-0.7711181333141325
LYS235	-1.1185678013363416	-0.7135704653423283
LYS236	-1.0656172060994555	-0.800726583115027
ALA237	-1.0720624523696856	-0.7426185349990848
LEU238	-1.092657236942121	-0.8114096510996147
ASN239	-1.0526843272687187	-0.6963897451646254
THR240	-1.027228747845882	-0.8034625189695191
ILE241	-1.2353709500188275	-0.7019569201908552
ILE242	-1.0242792866746742	-0.7704405564346396
PHE243	-1.072451350703475	-0.7977929407671589
ILE244	-1.027877148498612	-0.7859976563598243
ILE245	-1.0933535913018444	-0.8300431099484853
VAL246	-1.088134879512861	-0.7984766647650333
VAL247	-1.0830437322989133	-0.7804601541888587
PHE248	-1.0724245513725283	-0.8712019446710828
VAL249	-1.1668723055681827	-0.786646065655866
VAL250	-1.148264869426792	-0.7781574881831168
CYS251	-1.3763521960372354	-0.8237354887666798
PHE252	-1.5854027541811886	-0.6384828276988664
THR253	-0.9741760129089665	-0.7938651659398256
PRO254	-1.1196712241204503	-0.6226092570796375
TYR255	-1.1473615608020487	-0.9035612897949388
HIS256	-1.141504413781476	-0.7033459766166618
VAL257	-1.0519346951672388	-0.7967505794247852
ALA258	-1.063575480766651	-0.7835554949730418
ILE259	-1.0722170044483428	-0.8371365607006526
ILE260	-1.0670555536287942	-0.8184806502695005
GLN261	-1.087196239398144	-0.7941749139016143
HIS262	-1.179649883132152	-0.7347195747982435
MET263	-1.1371860390549027	-0.7067907405013281
ILE264	-1.061707227005867	-0.7689576854065248
LYS265	-1.093398015262142	-0.7451792543847138
LYS266	-1.0660425246625391	-0.6641463514951166
LEU267	-1.1426700760182065	-0.7207810224557847
HIS268	-1.3181785615807213	-0.4816361395832268
PHE269	-2.2555324319671524	1.0308586755978288
PRO270	-0.9778902789402394	2.173209318831203
ASN271	1.2775630492317749	-0.022455148712134616
LEU272	-1.9441095312385606	0.29453072538615116
LEU273	-1.3854252754945429	2.0495758274675757
GLU274	-1.058920712556927	2.6543188025091466
CYS275	-1.0246288744412713	-0.6782573933352275
SER276	-1.0035275843368996	-0.7839685004074749
GLU277	-1.1616317312312059	-0.7741352694942358
ARG278	-1.0932393480892661	-0.7391336635911037
HIS279	-1.1117928713248766	-0.7995858814860813
SER280	-1.0578485376659257	-0.7253793044281565
PHE281	-1.0841970954146514	-0.7669574824758846
GLN282	-1.0723553749331889	-0.7770684981069307
ILE283	-1.085729455156037	-0.7604678537826962
ALA284	-1.0456179687987295	-0.7614066192792566
LEU285	-1.0317749827593596	-0.7659245196593781
HIS286	-1.0414711282960571	-0.7721412174357459
ILE287	-1.1332638267888004	-0.8406431482218342
THR288	-1.19813026947127	-0.6794326627849399
VAL289	-1.0702862634505537	-0.7284944637318221
CYS290	-1.0884467940164853	-0.746991355210092
LEU291	-1.105549206841017	-0.7394534945059946
MET292	-1.0700651408549235	-0.7738035052240996
ASN293	-1.2446287538078384	-0.2807590447082452
PHE294	-1.2580718363070438	-0.18492604375040822
ASN295	-0.9390413646768293	-0.7435304506486689
CYS296	-0.9976244633036613	-0.488365618070583
CYS297	-1.389431934212015	-0.31152185726284387
MET298	-1.701398240877168	-0.35313070281157355
ASP299	-1.0010007796115519	-0.7269355054252462
PRO300	-0.8110496719051598	-0.7120766056439001
PHE301	-1.2290657510962164	-0.615039848845711
ILE302	-1.0511141626113336	-0.7525723174141894
TYR303	-1.0952065230296602	-0.7007341225293738
PHE304	-1.0099737616093691	-0.7696948268390298
PHE305	-1.419190761406442	-0.7272275200208048
ALA306	-1.2614255525073563	-0.720414609828398
CYS307	-1.6236996932894543	2.2402444461162743
LYS308	-1.1896709503132823	2.128012478200554
GLY309	1.588541823131025	-0.1385772626736058
TYR310	-1.0493567502926655	-0.8444433432352936
LYS311	-1.0087520708553568	-0.7890108020433313
ARG312	-1.1193755648843944	-0.6845856091788332
LYS313	-1.228479548904132	-0.7756597020429921
VAL314	-1.077576181952056	-0.7758390678096124
MET315	-1.0804208819329533	-0.6745503732954472
LYS316	-1.0902503000413208	-0.7464248070071521
MET317	-1.1297396815819536	-0.7640470780204117
LEU318	-1.091926183946066	-0.7790892262810798
LYS319	-1.0627769330948174	-0.7327347040372265
ARG320	-1.0765768557353503	-0.7479583540012504
GLN321	-1.1100814944073758	-0.7564185198326244
VAL322	-1.0474262920039268	-0.7870919495486952
SER323	-1.0710175000149855	-0.7264124721081072
VAL324	-1.1072749129629047	-0.7922025109074893
SER325	-1.0652646887644923	-0.6922546400853997
ILE326	-1.1272769590413279	-0.7886205631154485
SER327	-1.0732063783591577	-0.7479361516702747
SER328	-1.1232764201706855	-0.7505514225949347
ALA329	-1.0727153503335	-0.7014418229728784
VAL330	-1.0837809172078248	-0.691707795433299
LYS331	-1.3054156723032528	-0.40939421319401875
SER332	-1.7367851842114659	-0.044953376374967234
ALA333	-1.090544502860401	2.1271123140919763
PRO334	-1.130436430398137	2.477899290394984
GLU335	-1.2436834919320625	0.8404576047546739
GLU336	-1.1104553710418146	-0.6447064591674043
ASN337	-1.1201457499401994	-0.46199124763397054
SER338	-1.2451085342848285	-0.7230801083397029
ARG339	-1.2258782894404323	-0.7580925537265211
GLU340	-1.0427443291149896	-0.7284003901039289
MET341	-1.068592274566888	-0.717741907825013
THR342	-1.104826352183802	-0.7983542119705642
GLU343	-1.1094416871428303	-0.7618013566600539
THR344	-1.0748939656782164	-0.7622037204331085
GLN345	-1.0771056729369768	-0.7381132622279987
MET346	-1.0717302522207757	-0.7526183742290521
MET347	-1.0958569472822166	-0.6860326376496534
ILE348	-1.128666140232058	-0.7777674059443056
HIS349	-1.1538006205291258	-0.7141474609935393
SER350	-1.078876813727213	-0.7044543176422529
LYS351	-1.1033932532714117	-0.5954451437344572
ALA352	-1.2407387038724	-0.4256577956307844
LEU353	-1.507189666560058	-0.3569143404211492
ASN354	-1.9102920574096982	0.48653432183859036
GLY355	-1.8526946365056534	0.26879592517005185
LYS356	-2.0326091704442217	None
